<?xml version="1.0" encoding="UTF-8"?>
<project-private xmlns="http://www.netbeans.org/ns/project-private/1">
    <editor-bookmarks xmlns="http://www.netbeans.org/ns/editor-bookmarks/2" lastBookmarkId="0"/>
    <open-files xmlns="http://www.netbeans.org/ns/projectui-open-files/2">
        <group>
            <file>file:/D:/Anno%20scolastico%202019-2020/Tecnologia/Gruppo/JavaApplication25/src/javaapplication25/JavaApplication25.java</file>
            <file>file:/D:/Anno%20scolastico%202019-2020/Tecnologia/Gruppo/JavaApplication25/src/javaapplication25/JCoronavirus.java</file>
            <file>file:/D:/Anno%20scolastico%202019-2020/Tecnologia/Gruppo/JavaApplication25/src/javaapplication25/JLavoratore.java</file>
            <file>file:/D:/Anno%20scolastico%202019-2020/Tecnologia/Gruppo/JavaApplication25/src/javaapplication25/JData.java</file>
            <file>file:/D:/Anno%20scolastico%202019-2020/Tecnologia/Gruppo/JavaApplication25/src/javaapplication25/JCalendario.java</file>
            <file>file:/D:/Anno%20scolastico%202019-2020/Tecnologia/Gruppo/JavaApplication25/src/javaapplication25/JAnziano.java</file>
        </group>
    </open-files>
</project-private>
